correct_tick;navigate_1_73_sent;navigate_1_73_received;navigate_1_73_mssg_json;navigate_2_74_sent;navigate_2_74_received;navigate_2_74_mssg_json;navigate_3_75_sent;navigate_3_75_received;navigate_3_75_mssg_json;navigate_4_76_sent;navigate_4_76_received;navigate_4_76_mssg_json;navigate_5_77_sent;navigate_5_77_received;navigate_5_77_mssg_json;human_78_sent;human_78_received;human_78_mssg_json;human2_79_sent;human2_79_received;human2_79_mssg_json;world_nr;tick_nr
-1;;;;;;;;;;;;;;;;;;;;;;1;0
0;;;;;;;;;;;;;;;;;;;;;;1;1
1;;;;;;;;;;;;;;;;;;;;;;1;2
2;;;;;Hello, my name is (human agent) human and I sent this message at tick 2;;;;;;;;;;;Hello, my name is (human agent) human and I sent this message at tick 2;;"{""content"": ""Hello, my name is (human agent) human and I sent this message at tick 2"", ""from_id"": ""human_78"", ""to_id"": ""navigate_2_74"", ""message_id"": ""6bd9f2a28ace2d418183db8a66c6d3d1"", ""chat_mssg_count"": 0}";;;;1;3
3;;;;;;;;;;;;;;;;;;;;;;1;4
4;;;;;;;;;;;;;;;;;;;;;;1;5
5;;;;;;;;Hello, my name is (human agent) human and I sent this message at tick 5;;;;;;;;Hello, my name is (human agent) human and I sent this message at tick 5;;"{""content"": ""Hello, my name is (human agent) human and I sent this message at tick 5"", ""from_id"": ""human_78"", ""to_id"": ""navigate_3_75"", ""message_id"": ""22213b637639c78114448ab79772d822"", ""chat_mssg_count"": 0}";;;;1;6
6;;;;;;;;;;;;;;;;;;;;;;1;7
7;;;;;;;;;;;;;;;;;;;;;;1;8
8;;;;;Hello, my name is (human agent) human2 and I sent this message at tick 8;;;;;;;;;;;;;;Hello, my name is (human agent) human2 and I sent this message at tick 8;;"{""content"": ""Hello, my name is (human agent) human2 and I sent this message at tick 8"", ""from_id"": ""human2_79"", ""to_id"": ""navigate_2_74"", ""message_id"": ""cfcc526d70d9a56149b35ce287becc44"", ""chat_mssg_count"": 0}";1;9
9;;;;;;;;Hello, my name is (human agent) human2 and I sent this message at tick 9;;;;;;;;;;;Hello, my name is (human agent) human2 and I sent this message at tick 9;;"{""content"": ""Hello, my name is (human agent) human2 and I sent this message at tick 9"", ""from_id"": ""human2_79"", ""to_id"": ""navigate_3_75"", ""message_id"": ""e01116afc6de72773014dbf5cd98b9ae"", ""chat_mssg_count"": 0}";1;10
10;;;;;;;;;;;;;;;;;;;;;;1;11
11;;;;;;;;Hello, my name is (human agent) human2 and I sent this message at tick 11;;;;;;;;;;;Hello, my name is (human agent) human2 and I sent this message at tick 11;;"{""content"": ""Hello, my name is (human agent) human2 and I sent this message at tick 11"", ""from_id"": ""human2_79"", ""to_id"": ""navigate_3_75"", ""message_id"": ""accb26fd60611923576da1162d44e7a8"", ""chat_mssg_count"": 1}";1;12
12;;;;;;;;;;;;;;;;;;;;;;1;13
13;;;;;Hello, my name is (human agent) human2 and I sent this message at tick 13;;;;;;;;;;;;;;Hello, my name is (human agent) human2 and I sent this message at tick 13;;"{""content"": ""Hello, my name is (human agent) human2 and I sent this message at tick 13"", ""from_id"": ""human2_79"", ""to_id"": ""navigate_2_74"", ""message_id"": ""cb697a1cf4a57d6027e6a8da2d8561f6"", ""chat_mssg_count"": 1}";1;14
14;;;;;;;;;;;;;;;;;;;;;;1;15
15;;;;;;;;;;;;;;;;;;;;;;1;16
16;;;;;;;;;;;;;;;;;;;;;;1;17
17;;;;;;;;;;;;;;;;;;;;;;1;18
18;;;;;;;;;;;;;;;;;;;;;;1;19
19;;;;;;;;Hello, my name is (human agent) human2 and I sent this message at tick 19;;;;;;;;;;;Hello, my name is (human agent) human2 and I sent this message at tick 19;;"{""content"": ""Hello, my name is (human agent) human2 and I sent this message at tick 19"", ""from_id"": ""human2_79"", ""to_id"": ""navigate_3_75"", ""message_id"": ""12d5a4af8c45dadcbd32deca40eef68"", ""chat_mssg_count"": 2}";1;20
20;;;;;;;;;;;Hello, my name is (human agent) human and I sent this message at tick 20;;;;;Hello, my name is (human agent) human and I sent this message at tick 20;;"{""content"": ""Hello, my name is (human agent) human and I sent this message at tick 20"", ""from_id"": ""human_78"", ""to_id"": ""navigate_4_76"", ""message_id"": ""3fdcbdebe35aa727d2fbec3114c4b51a"", ""chat_mssg_count"": 0}";;;;1;21
21;;;;;;;;;;;;;;;;;;;;;;1;22
22;;;;;;;;;;;;;;;;;;;;;;1;23
23;;;;;;;;;;;;;;;;Hello, my name is (human agent) human and I sent this message at tick 23;Hello, my name is (human agent) human and I sent this message at tick 23;"{""content"": ""Hello, my name is (human agent) human and I sent this message at tick 23"", ""from_id"": ""human_78"", ""to_id"": ""human_78"", ""message_id"": ""cd0f17ad1d301f742b0e3c10e9544d41"", ""chat_mssg_count"": 0}";;;;1;24
24;;;;;;;;;;;;;;;;;;;;;;1;25
25;;;;;;;;;;;;;;;;;;;;;;1;26
26;;;;;;;;;;;;;;Hello, my name is (human agent) human2 and I sent this message at tick 26;;;;;Hello, my name is (human agent) human2 and I sent this message at tick 26;;"{""content"": ""Hello, my name is (human agent) human2 and I sent this message at tick 26"", ""from_id"": ""human2_79"", ""to_id"": ""navigate_5_77"", ""message_id"": ""90f27f48ddb1f67ea670f1976f2fd368"", ""chat_mssg_count"": 0}";1;27
27;;;;;;;;;;;;;;;;;;;;;;1;28
28;;;;;;;;;;;;;;;;;;;;;;1;29
29;;;;;;;;;;;;;;;;Hello, my name is (human agent) human and I sent this message at tick 29;;"{""content"": ""Hello, my name is (human agent) human and I sent this message at tick 29"", ""from_id"": ""human_78"", ""to_id"": ""human2_79"", ""message_id"": ""c612805af867d9ef82bc3158d4b392"", ""chat_mssg_count"": 0}";;Hello, my name is (human agent) human and I sent this message at tick 29;;1;30
30;;;;;;;;;;;;;;;;;;;;;;1;31
31;;;;;;;;;;;;;;;;;;;;;;1;32
32;;;;;;;;;;;;;;;;;;;;;;1;33
33;;;;;;;;;;;;;;;;;;;;;;1;34
34;;;;;;;;;;;;;;;;;;;;;;1;35
35;;;;;;;;;;;;;;;;;;;;;;1;36
36;;;;;;;;;;;;;;;;;;;;;;1;37
37;;;;;;;;;;;Hello, my name is (human agent) human2 and I sent this message at tick 37;;;;;;;;Hello, my name is (human agent) human2 and I sent this message at tick 37;;"{""content"": ""Hello, my name is (human agent) human2 and I sent this message at tick 37"", ""from_id"": ""human2_79"", ""to_id"": ""navigate_4_76"", ""message_id"": ""293ea02a617c29865188387b116cc4e6"", ""chat_mssg_count"": 0}";1;38
38;;;;;;;;;;;;;;;;;;;;;;1;39
39;;;;;;;;;;;;;;;;;;;;;;1;40
40;;Hello, my name is (human agent) human2 and I sent this message at tick 40;;;;;;;;;;;;;;;;;Hello, my name is (human agent) human2 and I sent this message at tick 40;;"{""content"": ""Hello, my name is (human agent) human2 and I sent this message at tick 40"", ""from_id"": ""human2_79"", ""to_id"": ""navigate_1_73"", ""message_id"": ""23c9b0e22f4540b0b2fde5ba14632338"", ""chat_mssg_count"": 0}";1;41
41;;;;;;;;;;;;;;;;;;;;;;1;42
42;;;;;;;;;;;;;;;;;;;;;;1;43
43;;;;;;;;;;;Hello, my name is (human agent) human2 and I sent this message at tick 43;;;;;;;;Hello, my name is (human agent) human2 and I sent this message at tick 43;;"{""content"": ""Hello, my name is (human agent) human2 and I sent this message at tick 43"", ""from_id"": ""human2_79"", ""to_id"": ""navigate_4_76"", ""message_id"": ""3abb4021aff67871e7dde087066ab0d"", ""chat_mssg_count"": 1}";1;44
44;;;;;;;;;;;;;;;;;;;;;;1;45
45;;;;;;;;;;;;;;;;;;;;;;1;46
46;;;;;;;;;;;;;;;;;;;;;;1;47
47;;;;;;;;;;;;;;;;;;;;;;1;48
48;;;;;;;;;;;;;;;;;;;;;;1;49
49;;;;;;;;;;;;;;;;;;;;;;1;50
50;;;;;;;;;;;;;;;;;;;;;;1;51
51;;;;;;;;;;;;;;;;;;;;;;1;52
52;;;;;;;;;;;;;;;;;;;;;;1;53
53;;;;;;;;;;;;;;;;;;;;;;1;54
54;;;;;;;;;;;;;;;;;;;;;;1;55
55;;;;;;;;;;;;;;;;;;;;;;1;56
56;;;;;;;;;;;;;;;;;;;;;;1;57
57;;;;;;;;;;;;;;;;;;;;;;1;58
58;;;;;;;;;;;;;;;;;;;;;;1;59
59;;;;;;;;;;;;;;;;;;;;;;1;60
60;;;;;;;;;;;;;;;;;;;;;;1;61
61;;;;;;;;;;;;;;;;;;;;;;1;62
62;;;;;;;;;;;;;;;;;;;;;;1;63
63;;;;;;;;Hello, my name is (human agent) human and I sent this message at tick 63;;;;;;;;Hello, my name is (human agent) human and I sent this message at tick 63;;"{""content"": ""Hello, my name is (human agent) human and I sent this message at tick 63"", ""from_id"": ""human_78"", ""to_id"": ""navigate_3_75"", ""message_id"": ""534099bb7e465a361f9d7edd7f217152"", ""chat_mssg_count"": 1}";;;;1;64
64;;;;;;;;;;;;;;;;;;;;;;1;65
65;;;;;;;;;;;;;;;;;;;;;;1;66
66;;;;;;;;;;;;;;;;;;;;;;1;67
67;;;;;;;;;;;;;;Hello, my name is (human agent) human and I sent this message at tick 67;;Hello, my name is (human agent) human and I sent this message at tick 67;;"{""content"": ""Hello, my name is (human agent) human and I sent this message at tick 67"", ""from_id"": ""human_78"", ""to_id"": ""navigate_5_77"", ""message_id"": ""6104fd990b29d711e369b8f969b4169f"", ""chat_mssg_count"": 0}";;;;1;68
68;;;;;;;;;;;;;;;;;;;;;;1;69
69;;;;;;;;;;;;;;;;;;;;;;1;70
70;;;;;;;;;;;;;;;;;;;;;;1;71
71;;;;;;;;;;;;;;;;;;;;;;1;72
72;;;;;;;;;;;;;;;;;;;;;;1;73
73;;;;;;;;;;;;;;;;;;;;;;1;74
74;;;;;;;;;;;;;;;;;;;;;;1;75
75;;;;;;;;;;;;;;;;;;;;;;1;76
76;;;;;;;;;;;;;;;;;;;;;;1;77
77;;;;;;;;;;;;;;;;;;;;;;1;78
78;;;;;;;;;;;;;;;;;;;;;;1;79
79;;;;;;;;;;;;;;;;;;;;;;1;80
80;;;;;;;;;;;;;;;;;;;;;;1;81
81;;;;;;;;;;;;;;;;;;;;;;1;82
82;;;;;;;;;;;;;;;;;;;;;;1;83
83;;;;;;;;;;;;;;;;;;;;;;1;84
84;;;;;;;;;;;;;;;;;;;;;;1;85
85;;;;;;;;;;;;;;;;;;;;;;1;86
86;;;;;;;;;;;;;;;;;;;;;;1;87
87;;;;;;;;Hello, my name is (human agent) human2 and I sent this message at tick 87;;;;;;;;;;;Hello, my name is (human agent) human2 and I sent this message at tick 87;;"{""content"": ""Hello, my name is (human agent) human2 and I sent this message at tick 87"", ""from_id"": ""human2_79"", ""to_id"": ""navigate_3_75"", ""message_id"": ""5905222b64ed6dc4586f9f9bb05694a9"", ""chat_mssg_count"": 3}";1;88
88;;Hello, my name is (human agent) human2 and I sent this message at tick 88;;;;;;;;;;;;;;;;;Hello, my name is (human agent) human2 and I sent this message at tick 88;;"{""content"": ""Hello, my name is (human agent) human2 and I sent this message at tick 88"", ""from_id"": ""human2_79"", ""to_id"": ""navigate_1_73"", ""message_id"": ""551c024c1c19b2597de31670bdf8eb1a"", ""chat_mssg_count"": 1}";1;89
89;;;;;;;;;;;;;;;;;;;;;;1;90
90;;;;;;;;;;;;;;;;;;;;;;1;91
91;;;;;;;;;;;;;;;;;;;;;;1;92
92;;;;;;;;;;;;;;;;;;;;;;1;93
93;;;;;;;;;;;;;;;;;;;;;;1;94
94;;;;;;;;;;;;;;;;;;;;;;1;95
95;;;;;;;;;;;;;;;;;;;;;;1;96
96;;;;;;;;;;;;;;;;;;;;;;1;97
97;;;;;;;;;;;;;;;;;;;;;;1;98
98;;;;;;;;;;;;;;;;;;;;;;1;99
99;;;;;;;;;;;;;;;;;;;;;;1;100
100;;;;;;;;;;;;;;;;;;;;;;1;101
101;;;;;;;;;;;;;;;;;;;;;;1;102
102;;;;;;;;;;;;;;;;;;;;;;1;103
103;;;;;;;;;;;;;;;;;;;;;;1;104
104;;;;;;;;;;;;;;;;;;;;;;1;105
105;;;;;;;;;;;;;;;;;;;;;;1;106
106;;Hello, my name is (human agent) human and I sent this message at tick 106;;;;;;Hello, my name is (human agent) human2 and I sent this message at tick 106;;;;;;;;Hello, my name is (human agent) human and I sent this message at tick 106;;"{""content"": ""Hello, my name is (human agent) human and I sent this message at tick 106"", ""from_id"": ""human_78"", ""to_id"": ""navigate_1_73"", ""message_id"": ""f4042089b26cc4a69ce3fdb002d38ff4"", ""chat_mssg_count"": 0}";Hello, my name is (human agent) human2 and I sent this message at tick 106;;"{""content"": ""Hello, my name is (human agent) human2 and I sent this message at tick 106"", ""from_id"": ""human2_79"", ""to_id"": ""navigate_3_75"", ""message_id"": ""262a2b0704c029b3abc32e11222d3167"", ""chat_mssg_count"": 4}";1;107
107;;;;;;;;;;;;;;;;;;;;;;1;108
108;;;;;;;;;;;;;;;;;;;;;;1;109
109;;;;;;;;;;;;;;;;;;;;;;1;110
110;;;;;;;;;;;;;;;;;;;;;;1;111
111;;;;;;;;;;;;;;;;;;;;;;1;112
112;;;;;;;;;;;;;;Hello, my name is (human agent) human and I sent this message at tick 112;;Hello, my name is (human agent) human and I sent this message at tick 112;;"{""content"": ""Hello, my name is (human agent) human and I sent this message at tick 112"", ""from_id"": ""human_78"", ""to_id"": ""navigate_5_77"", ""message_id"": ""255afb192cd6679dbcf9256109147649"", ""chat_mssg_count"": 1}";;;;1;113
113;;;;;;;;;;;;;;;;;;;;;;1;114
114;;;;;;;;;;;;;;;;;;;;;;1;115
115;;;;;;;;;;;;;;;;;;;;;;1;116
116;;;;;;;;;;;;;;;;;;;;;;1;117
117;;;;;;;;;;;;;;;;;;;;;;1;118
118;;;;;;;;;;;;;;;;;;;;;;1;119
119;;;;;;;;;;;;;;;;;;;;;;1;120
120;;;;;;;;;;;;;;Hello, my name is (human agent) human and I sent this message at tick 120;;Hello, my name is (human agent) human and I sent this message at tick 120;;"{""content"": ""Hello, my name is (human agent) human and I sent this message at tick 120"", ""from_id"": ""human_78"", ""to_id"": ""navigate_5_77"", ""message_id"": ""8688a41b89ecfb634a94d230d8c0e7b0"", ""chat_mssg_count"": 2}";;;;1;121
121;;;;;;;;;;;;;;;;;;;;;;1;122
122;;;;;;;;;;;;;;;;;;;;;;1;123
123;;;;;;;;;;;;;;;;;;;;;;1;124
124;;;;;;;;;;;;;;;;Hello, my name is (human agent) human and I sent this message at tick 124;;"{""content"": ""Hello, my name is (human agent) human and I sent this message at tick 124"", ""from_id"": ""human_78"", ""to_id"": ""human2_79"", ""message_id"": ""c7327dffecc887686c7ffd10b9afce83"", ""chat_mssg_count"": 1}";;Hello, my name is (human agent) human and I sent this message at tick 124;;1;125
125;;;;;;;;;;;;;;;;;;;;;;1;126
126;;;;;;;;;;;;;;;;;;;;;;1;127
127;;;;;;;;;;;;;;;;;;;;;;1;128
128;;;;;;;;;;;;;;;;;;;;;;1;129
129;;;;;;;;;;;;;;;;;;;;;;1;130
130;;;;;;;;;;;;;;;;Hello, my name is (human agent) human and I sent this message at tick 130;Hello, my name is (human agent) human2 and I sent this message at tick 130;"{""content"": ""Hello, my name is (human agent) human and I sent this message at tick 130"", ""from_id"": ""human_78"", ""to_id"": ""human2_79"", ""message_id"": ""ca2cdc3e39f33c67cff53cd3f17aa972"", ""chat_mssg_count"": 2}";Hello, my name is (human agent) human2 and I sent this message at tick 130;Hello, my name is (human agent) human and I sent this message at tick 130;"{""content"": ""Hello, my name is (human agent) human2 and I sent this message at tick 130"", ""from_id"": ""human2_79"", ""to_id"": ""human_78"", ""message_id"": ""e00b7aa6fef584ebafb70413adb75dc8"", ""chat_mssg_count"": 3}";1;131
131;;;;;;;;;;;;;;;;;;;;;;1;132
132;;;;;;;;;;;;;;;;;;;;;;1;133
133;;;;;;;;;;;;;;;;;;;;;;1;134
134;;;;;;;;;;;;;;;;;;;;;;1;135
135;;;;;;;;;;;;;;;;;;;;;;1;136
136;;;;;;;;;;;;;;;;;;;;;;1;137
137;;;;;;;;;;;;;;;;;;;;;;1;138
138;;;;;;;;;;;;;;;;;;;;;;1;139
139;;;;;;;;;;;;;;;;;;;;;;1;140
140;;;;;;;;;;;;;;;;;;;;;;1;141
141;;;;;;;;;;;;;;;;;;;;;;1;142
142;;;;;;;;;;;;;;;;;;;;;;1;143
143;;;;;;;;;;;;;;;;;;;;;;1;144
144;;;;;;;;;;;;;;;;;;;;;;1;145
145;;;;;;;;Hello, my name is (human agent) human2 and I sent this message at tick 145;;;;;;;;;;;Hello, my name is (human agent) human2 and I sent this message at tick 145;;"{""content"": ""Hello, my name is (human agent) human2 and I sent this message at tick 145"", ""from_id"": ""human2_79"", ""to_id"": ""navigate_3_75"", ""message_id"": ""4139a6faa0e0753d170b18d3dd35426c"", ""chat_mssg_count"": 5}";1;146
146;;;;;;;;;;;;;;;;;;;;;;1;147
147;;;;;;;;;;;;;;;;;;;;;;1;148
148;;;;;;;;;;;;;;;;;;;;;;1;149
149;;;;;;;;;;;;;;Hello, my name is (human agent) human2 and I sent this message at tick 149;;;;;Hello, my name is (human agent) human2 and I sent this message at tick 149;;"{""content"": ""Hello, my name is (human agent) human2 and I sent this message at tick 149"", ""from_id"": ""human2_79"", ""to_id"": ""navigate_5_77"", ""message_id"": ""b84a842eacd77740e6528423baef491b"", ""chat_mssg_count"": 1}";1;150
150;;Hello, my name is (human agent) human2 and I sent this message at tick 150;;;;;;;;;;;;;;;;;Hello, my name is (human agent) human2 and I sent this message at tick 150;;"{""content"": ""Hello, my name is (human agent) human2 and I sent this message at tick 150"", ""from_id"": ""human2_79"", ""to_id"": ""navigate_1_73"", ""message_id"": ""2edfdc7033e7805d5dba0248c3ae3cf1"", ""chat_mssg_count"": 2}";1;151
151;;;;;;;;;;;;;;;;;;;;;;1;152
152;;;;;;;;;;;;;;;;;;;;;;1;153
153;;;;;;;;;;;;;;;;;;;;;;1;154
154;;;;;;;;;;;;;;;;;;;;;;1;155
155;;;;;;;;;;;;;;;;;;;;;;1;156
156;;;;;;;;;;;;;;;;;;;;;;1;157
157;;;;;;;;;;;;;;;;;;;;;;1;158
158;;;;;Hello, my name is (human agent) human and I sent this message at tick 158;;;;;;;;;;;Hello, my name is (human agent) human and I sent this message at tick 158;;"{""content"": ""Hello, my name is (human agent) human and I sent this message at tick 158"", ""from_id"": ""human_78"", ""to_id"": ""navigate_2_74"", ""message_id"": ""deceabc0210d1c616bcb31205afe8f87"", ""chat_mssg_count"": 1}";;;;1;159
159;;;;;;;;;;;;;;;;;;;;;;1;160
160;;;;;;;;;;;;;;;;;;;;;;1;161
161;;;;;;;;;;;;;;;;;;;;;;1;162
162;;;;;;;;;;;;;;;;;;;;;;1;163
163;;;;;;;;;;;;;;;;;;;;;;1;164
164;;;;;;;;;;;;;;;;;;;;;;1;165
165;;;;;;;;;;;;;;;;;;;;;;1;166
166;;;;;;;;;;;;;;;;;;;;;;1;167
167;;;;;;;;;;;;;;;;;;;;;;1;168
168;;;;;;;;;;;;;;;;;;;;;;1;169
169;;;;;;;;;;;;;;;;;;;;;;1;170
170;;;;;;;;;;;;;;;;;;;;;;1;171
171;;;;;;;;;;;;;;;;;;;;;;1;172
172;;;;;;;;;;;Hello, my name is (human agent) human and I sent this message at tick 172;;;;;Hello, my name is (human agent) human and I sent this message at tick 172;;"{""content"": ""Hello, my name is (human agent) human and I sent this message at tick 172"", ""from_id"": ""human_78"", ""to_id"": ""navigate_4_76"", ""message_id"": ""59088776c54be6babb43b3d436043281"", ""chat_mssg_count"": 1}";Hello, my name is (human agent) human2 and I sent this message at tick 172;Hello, my name is (human agent) human2 and I sent this message at tick 172;"{""content"": ""Hello, my name is (human agent) human2 and I sent this message at tick 172"", ""from_id"": ""human2_79"", ""to_id"": ""human2_79"", ""message_id"": ""af3900f5483436b4717e7336fddaabd"", ""chat_mssg_count"": 0}";1;173
173;;;;;;;;;;;;;;;;;;;;;;1;174
174;;;;;;;;;;;;;;;;;;;;;;1;175
175;;;;;;;;;;;;;;;;;;;;;;1;176
176;;;;;;;;;;;;;;;;;;;;;;1;177
177;;;;;;;;;;;;;;;;;;;;;;1;178
178;;;;;;;;;;;;;;;;;;;;;;1;179
179;;;;;;;;Hello, my name is (human agent) human2 and I sent this message at tick 179;;;;;;;;;;;Hello, my name is (human agent) human2 and I sent this message at tick 179;;"{""content"": ""Hello, my name is (human agent) human2 and I sent this message at tick 179"", ""from_id"": ""human2_79"", ""to_id"": ""navigate_3_75"", ""message_id"": ""b910da8d7cf0b25cf33521c4722da75a"", ""chat_mssg_count"": 6}";1;180
180;;;;;;;;;;;;;;;;Hello, my name is (human agent) human and I sent this message at tick 180;;"{""content"": ""Hello, my name is (human agent) human and I sent this message at tick 180"", ""from_id"": ""human_78"", ""to_id"": ""human2_79"", ""message_id"": ""81a85055a111778edfe8e0968de913d5"", ""chat_mssg_count"": 4}";;Hello, my name is (human agent) human and I sent this message at tick 180;;1;181
181;;;;;;;;;;;;;;;;;;;;;;1;182
182;;;;;;;;;;;;;;;;;;;;;;1;183
183;;;;;;;;;;;;;;;;;;;;;;1;184
184;;;;;;;;;;;;;;;;;;;;;;1;185
185;;;;;Hello, my name is (human agent) human and I sent this message at tick 185;;;;;;;;;;;Hello, my name is (human agent) human and I sent this message at tick 185;;"{""content"": ""Hello, my name is (human agent) human and I sent this message at tick 185"", ""from_id"": ""human_78"", ""to_id"": ""navigate_2_74"", ""message_id"": ""5536ed5870aabb7742724c14afa81c36"", ""chat_mssg_count"": 2}";;;;1;186
186;;;;;;;;;;;;;;;;;;;;;;1;187
187;;;;;;;;;;;;;;;;;;;;;;1;188
188;;;;;;;;;;;;;;;;;;;;;;1;189
189;;;;;;;;;;;;;;;;;;;;;;1;190
190;;;;;;;;;;;;;;;;;;;;;;1;191
191;;;;;;;;;;;;;;;;;;;;;;1;192
192;;;;;;;;;;;;;;;;;;;;;;1;193
193;;;;;;;;;;;;;;;;;;;;;;1;194
194;;;;;;;;;;;;;;;;;;;;;;1;195
195;;;;;;;;;;;;;;;;;;;;;;1;196
196;;;;;;;;;;;;;;;;;;;;;;1;197
197;;;;;;;;;;;;;;;;;;;;;;1;198
198;;;;;;;;;;;;;;;;;;;;;;1;199
199;;;;;;;;;;;;;;;;;;;;;;1;200
200;;;;;;;;;;;;;;;;;;;;;;1;201
201;;;;;Hello, my name is (human agent) human and I sent this message at tick 201;;;;;;;;;;;Hello, my name is (human agent) human and I sent this message at tick 201;;"{""content"": ""Hello, my name is (human agent) human and I sent this message at tick 201"", ""from_id"": ""human_78"", ""to_id"": ""navigate_2_74"", ""message_id"": ""a260b1730cb6af0e3b44cb62d56996c9"", ""chat_mssg_count"": 3}";;;;1;202
202;;;;;;;;;;;;;;;;;;;;;;1;203
203;;;;;;;;;;;;;;;;;;;;;;1;204
204;;;;;;;;;;;;;;;;;;;;;;1;205
205;;;;;;;;;;;;;;;;;;;;;;1;206
206;;Hello, my name is (human agent) human2 and I sent this message at tick 206;;;;;;;;;;;;;;;;;Hello, my name is (human agent) human2 and I sent this message at tick 206;;"{""content"": ""Hello, my name is (human agent) human2 and I sent this message at tick 206"", ""from_id"": ""human2_79"", ""to_id"": ""navigate_1_73"", ""message_id"": ""33424cafb0b5223533c9ddd7368d9129"", ""chat_mssg_count"": 3}";1;207
207;;;;;;;;;;;;;;;;;;;;;;1;208
208;;;;;;;;;;;;;;;;;;;;;;1;209
209;;;;;;;;;;;;;;;;;;;;;;1;210
210;;;;;;;;;;;;;;;;;;;;;;1;211
211;;Hello, my name is (human agent) human and I sent this message at tick 211;;;;;;;;;;;;;;Hello, my name is (human agent) human and I sent this message at tick 211;;"{""content"": ""Hello, my name is (human agent) human and I sent this message at tick 211"", ""from_id"": ""human_78"", ""to_id"": ""navigate_1_73"", ""message_id"": ""8ab83e7e5841180af640ce116bf47f91"", ""chat_mssg_count"": 1}";;;;1;212
212;;;;;;;;;;;;;;;;;;;;;;1;213
213;;;;;;;;;;;Hello, my name is (human agent) human and I sent this message at tick 213;;;;;Hello, my name is (human agent) human and I sent this message at tick 213;;"{""content"": ""Hello, my name is (human agent) human and I sent this message at tick 213"", ""from_id"": ""human_78"", ""to_id"": ""navigate_4_76"", ""message_id"": ""5689b47b55ca213ad8f3ae4c500ea78d"", ""chat_mssg_count"": 2}";;;;1;214
214;;;;;;;;;;;;;;;;;;;;;;1;215
215;;;;;;;;;;;;;;;;;;;;;;1;216
216;;;;;;;;;;;;;;;;;;;;;;1;217
217;;;;;;;;;;;;;;;;;;;;;;1;218
218;;;;;;;;;;;;;;;;;;;;;;1;219
219;;;;;;;;;;;;;;;;;;;;;;1;220
220;;;;;;;;;;;;;;Hello, my name is (human agent) human and I sent this message at tick 220;;Hello, my name is (human agent) human and I sent this message at tick 220;;"{""content"": ""Hello, my name is (human agent) human and I sent this message at tick 220"", ""from_id"": ""human_78"", ""to_id"": ""navigate_5_77"", ""message_id"": ""e29b1ba632d09f385af4b2c50631b57c"", ""chat_mssg_count"": 3}";;;;1;221
221;;;;;;;;;;;;;;;;;;;;;;1;222
222;;;;;;;;;;;;;;;;;;;;;;1;223
223;;;;;;;;;;;;;;;;;;;;;;1;224
224;;;;;;;;;;;;;;;;;;;;;;1;225
225;;;;;;;;;;;;;;;;;;;;;;1;226
226;;;;;;;;;;;;;;;;;;;;;;1;227
227;;;;;;;;;;;;;;;;;;;;;;1;228
228;;;;;;;;;;;;;;;;;;;;;;1;229
229;;;;;;;;;;;;;;;;;;;;;;1;230
230;;;;;;;;;;;;;;;;;Hello, my name is (human agent) human2 and I sent this message at tick 230;;Hello, my name is (human agent) human2 and I sent this message at tick 230;;"{""content"": ""Hello, my name is (human agent) human2 and I sent this message at tick 230"", ""from_id"": ""human2_79"", ""to_id"": ""human_78"", ""message_id"": ""fd792a6f4b048bd64cf3cbf3abc413ba"", ""chat_mssg_count"": 5}";1;231
231;;;;;;;;;;;;;;;;;;;;;;1;232
232;;;;;;;;;;;;;;;;;;;;;;1;233
233;;;;;;;;;;;;;;;;;;;;;;1;234
234;;;;;;;;;;;;;;;;;;;;;;1;235
235;;;;;Hello, my name is (human agent) human2 and I sent this message at tick 235;;;;;;;;;;;;;;Hello, my name is (human agent) human2 and I sent this message at tick 235;;"{""content"": ""Hello, my name is (human agent) human2 and I sent this message at tick 235"", ""from_id"": ""human2_79"", ""to_id"": ""navigate_2_74"", ""message_id"": ""22d38c1757b07b84c550dacf9444871a"", ""chat_mssg_count"": 2}";1;236
236;;;;;;;;;;;;;;Hello, my name is (human agent) human and I sent this message at tick 236;;Hello, my name is (human agent) human and I sent this message at tick 236;;"{""content"": ""Hello, my name is (human agent) human and I sent this message at tick 236"", ""from_id"": ""human_78"", ""to_id"": ""navigate_5_77"", ""message_id"": ""2adc8cd111d0e034f1d62ac108923d39"", ""chat_mssg_count"": 4}";;;;1;237
237;;;;;;;;;;;;;;;;;;;;;;1;238
238;;;;;;;;;;;;;;;;;;;;;;1;239
239;;;;;;;;;;;;;;;;;;;;;;1;240
240;;;;;;;;;;;;;;;;;;;;;;1;241
241;;;;;;;;;;;;;;;;;;;;;;1;242
242;;;;;;;;;;;;;;;;;;;;;;1;243
243;;;;;;;;;;;;;;;;;;;;;;1;244
244;;;;;;;;;;;;;;;;;;;;;;1;245
245;;;;;;;;;;;Hello, my name is (human agent) human and I sent this message at tick 245;;;;;Hello, my name is (human agent) human and I sent this message at tick 245;;"{""content"": ""Hello, my name is (human agent) human and I sent this message at tick 245"", ""from_id"": ""human_78"", ""to_id"": ""navigate_4_76"", ""message_id"": ""62ee5ed577d379142f1789f44177c1a1"", ""chat_mssg_count"": 3}";;;;1;246
246;;;;;;;;;;;;;;;;;;;;;;1;247
